﻿GeographyKey,Location,Language,Country,Region,TimeZone
1,Las Vegas,Spanish,USA,West,PST
2,Los Angeles,French,USA,West,PST
3,Austin,Spanish,USA,South,CST
4,Miami,Spanish,USA,South,EST
5,Austin,French,USA,South,CST
6,Miami,English,USA,South,EST
7,Las Vegas,English,USA,West,PST
8,Austin,English,USA,South,CST
9,New York,Spanish,USA,Northeast,EST
10,Los Angeles,English,USA,West,PST
11,Miami,French,USA,South,EST
12,New York,French,USA,Northeast,EST
13,Las Vegas,French,USA,West,PST
14,Los Angeles,Spanish,USA,West,PST
15,New York,English,USA,Northeast,EST
